Age,Department,DistanceFromHome,Education,EmployeeNumber,Gender,Height,MaritalStatus,MonthlyIncome
41,Sales,1,2,1,Female,154,Single,5993
49,Research & Development,8,1,2,Male,168,Married,5130
37,Research & Development,2,2,4,Male,163,Single,2090
33,Research & Development,3,4,5,Female,161,Married,2909
27,Research & Development,2,1,7,Male,157,Married,3468
32,Research & Development,2,2,8,Male,165,Single,3068
59,Research & Development,3,3,10,Female,150,Married,2670
30,Research & Development,24,1,11,Male,174,Divorced,2693
38,Research & Development,23,3,12,Male,172,Single,9526
36,Research & Development,27,3,13,Male,169,Married,5237
35,Research & Development,16,3,14,Male,160,Married,2426
29,Research & Development,15,2,15,Female,161,Single,4193
31,Research & Development,26,1,16,Male,179,Divorced,2911
34,Research & Development,19,2,18,Male,174,Divorced,2661
28,Research & Development,24,3,19,Male,165,Single,2028
29,Research & Development,21,4,20,Female,169,Divorced,9980
32,Research & Development,5,2,21,Male,149,Divorced,3298
22,Research & Development,16,2,22,Male,163,Divorced,2935
53,Sales,2,4,23,Female,165,Married,15427
38,Research & Development,2,3,24,Male,151,Single,3944
24,Research & Development,11,2,26,Female,160,Divorced,4011
36,Sales,9,4,27,Male,158,Single,3407
34,Research & Development,7,4,28,Female,167,Single,11994
21,Research & Development,15,2,30,Male,159,Single,1232
34,Research & Development,6,1,31,Male,161,Single,2960
53,Research & Development,5,3,32,Female,162,Divorced,19094
32,Research & Development,16,1,33,Female,166,Single,3919
42,Sales,8,4,35,Male,158,Married,6825
44,Research & Development,7,4,36,Female,168,Married,10248
46,Sales,2,4,38,Female,179,Single,18947
33,Research & Development,2,3,39,Male,158,Single,2496
44,Research & Development,10,4,40,Male,162,Married,6465
30,Research & Development,9,2,41,Male,155,Single,2206
39,Sales,5,3,42,Male,169,Married,2086
24,Research & Development,1,3,45,Male,171,Married,2293
43,Research & Development,2,2,46,Female,164,Divorced,2645
50,Sales,3,2,47,Male,161,Married,2683
35,Sales,2,3,49,Female,158,Married,2014
36,Research & Development,5,4,51,Female,161,Married,3419
33,Sales,1,3,52,Female,173,Married,5376
35,Research & Development,4,2,53,Male,164,Divorced,1951
27,Research & Development,2,4,54,Female,172,Divorced,2341
26,Research & Development,25,3,55,Male,168,Single,2293
27,Sales,8,3,56,Male,169,Single,8726
30,Research & Development,1,2,57,Female,153,Single,4011
41,Research & Development,12,3,58,Female,169,Married,19545
34,Sales,23,4,60,Male,172,Single,4568
37,Research & Development,19,2,61,Male,158,Married,3022
46,Sales,5,4,62,Male,164,Single,5772
35,Research & Development,8,1,63,Male,169,Married,2269
48,Research & Development,1,2,64,Male,168,Single,5381
28,Research & Development,5,4,65,Male,161,Single,3441
44,Sales,1,5,68,Female,172,Divorced,5454
35,Research & Development,11,2,70,Male,162,Married,9884
26,Sales,23,3,72,Female,174,Married,4157
33,Research & Development,1,2,73,Female,162,Single,13458
35,Sales,18,5,74,Male,156,Married,9069
35,Research & Development,23,4,75,Female,165,Married,4014
31,Research & Development,7,4,76,Male,163,Divorced,5915
37,Research & Development,1,4,77,Male,165,Divorced,5993
32,Research & Development,1,3,78,Male,168,Married,6162
38,Research & Development,29,5,79,Female,173,Single,2406
50,Research & Development,7,2,80,Female,159,Divorced,18740
59,Sales,25,3,81,Female,168,Single,7637
36,Research & Development,8,3,83,Female,169,Divorced,10096
55,Research & Development,8,3,84,Female,160,Divorced,14756
36,Research & Development,11,3,85,Male,180,Single,6499
45,Research & Development,7,3,86,Male,158,Divorced,9724
35,Research & Development,1,3,88,Male,161,Married,2194
36,Research & Development,9,3,90,Male,146,Married,3388
59,Sales,1,1,91,Female,163,Single,5473
29,Research & Development,2,3,94,Male,157,Married,2703
31,Research & Development,1,4,95,Male,165,Single,2501
32,Research & Development,1,3,96,Male,161,Married,6220
36,Research & Development,6,3,97,Female,162,Married,3038
31,Research & Development,8,4,98,Female,158,Single,4424
35,Sales,1,4,100,Male,166,Single,4312
45,Research & Development,6,4,101,Male,155,Married,13245
37,Research & Development,7,4,102,Male,169,Single,13664
46,Human Resources,5,2,103,Male,158,Divorced,5021
30,Research & Development,1,1,104,Male,157,Married,5126
35,Research & Development,1,3,105,Male,154,Single,2859
55,Sales,1,2,106,Male,171,Married,10239
38,Research & Development,6,3,107,Female,167,Divorced,5329
34,Research & Development,1,2,110,Male,165,Married,4325
56,Research & Development,7,3,112,Male,167,Single,7260
23,Sales,2,1,113,Male,174,Divorced,2322
51,Research & Development,9,4,116,Male,163,Married,2075
30,Research & Development,2,3,117,Male,167,Married,4152
46,Sales,9,2,118,Male,162,Single,9619
40,Research & Development,1,4,119,Male,163,Married,13503
51,Sales,21,4,120,Male,167,Single,5441
30,Sales,4,2,121,Female,160,Divorced,5209
46,Research & Development,1,3,124,Male,177,Married,10673
32,Sales,6,4,125,Male,170,Single,5010
54,Research & Development,2,4,126,Female,150,Married,13549
24,Sales,3,2,128,Female,171,Married,4999
28,Sales,4,3,129,Male,168,Married,4221
58,Sales,10,4,131,Male,168,Single,13872
44,Research & Development,23,3,132,Male,161,Married,2042
37,Human Resources,6,4,133,Male,160,Divorced,2073
32,Research & Development,1,1,134,Male,155,Single,2956
20,Research & Development,6,3,137,Female,163,Single,2926
34,Research & Development,6,4,138,Female,165,Single,4809
37,Research & Development,2,2,139,Male,161,Divorced,5163
59,Human Resources,2,4,140,Female,164,Married,18844
50,Research & Development,1,3,141,Female,162,Married,18172
25,Sales,5,3,142,Male,168,Single,5744
25,Research & Development,7,1,143,Male,147,Married,2889
22,Research & Development,15,3,144,Female,169,Single,2871
51,Research & Development,1,4,145,Female,164,Single,7484
34,Research & Development,7,3,147,Male,165,Single,6074
54,Human Resources,26,3,148,Female,157,Single,17328
24,Research & Development,18,1,150,Male,175,Married,2774
34,Research & Development,6,4,151,Female,170,Divorced,4505
37,Sales,3,3,152,Male,159,Single,7428
34,Research & Development,5,3,153,Female,167,Single,11631
36,Sales,11,2,154,Female,155,Married,9738
36,Research & Development,3,2,155,Female,156,Divorced,2835
43,Sales,26,2,158,Male,164,Married,16959
30,Research & Development,23,3,159,Male,172,Divorced,2613
33,Sales,22,2,160,Male,167,Married,6146
56,Research & Development,14,4,161,Female,160,Married,4963
51,Research & Development,6,3,162,Male,168,Single,19537
31,Sales,6,4,163,Male,175,Married,6172
26,Research & Development,6,3,164,Female,170,Married,2368
58,Research & Development,23,4,165,Female,159,Married,10312
19,Sales,22,1,167,Male,162,Single,1675
22,Research & Development,2,1,169,Male,154,Married,2523
49,Research & Development,20,4,170,Female,172,Married,6567
43,Research & Development,28,3,171,Female,170,Single,4739
50,Sales,12,3,174,Female,163,Single,9208
31,Sales,20,3,175,Female,158,Married,4559
41,Sales,9,1,176,Male,163,Divorced,8189
26,Human Resources,25,1,177,Female,163,Married,2942
36,Research & Development,6,2,178,Male,168,Divorced,4941
51,Research & Development,8,4,179,Male,167,Single,10650
39,Sales,4,4,182,Female,161,Married,5902
25,Sales,28,3,183,Male,170,Married,8639
30,Human Resources,9,3,184,Male,168,Married,6347
32,Research & Development,9,3,190,Female,160,Single,4200
45,Research & Development,29,3,192,Male,165,Single,3452
38,Research & Development,3,5,193,Female,164,Single,4317
30,Research & Development,18,3,194,Female,157,Single,2632
32,Sales,9,2,195,Male,158,Divorced,4668
30,Research & Development,5,3,197,Female,165,Divorced,3204
30,Research & Development,2,1,198,Male,165,Single,2720
41,Research & Development,10,3,199,Male,165,Divorced,17181
41,Research & Development,9,4,200,Male,154,Married,2238
19,Research & Development,3,1,201,Female,171,Single,1483
40,Research & Development,26,3,202,Female,167,Divorced,5605
35,Sales,1,5,204,Male,169,Married,7295
53,Sales,6,2,205,Male,174,Married,2306
45,Research & Development,9,3,206,Male,174,Divorced,2348
32,Sales,8,3,207,Female,171,Single,8998
29,Research & Development,1,1,208,Male,152,Married,4319
51,Research & Development,7,4,211,Male,162,Married,6132
58,Research & Development,9,3,214,Female,169,Married,3346
40,Sales,4,4,215,Male,173,Married,10855
34,Sales,2,4,216,Female,162,Married,2231
22,Research & Development,19,1,217,Male,165,Married,2323
27,Research & Development,9,3,218,Male,164,Divorced,2024
28,Research & Development,21,3,221,Male,175,Married,2713
57,Research & Development,24,2,223,Male,168,Divorced,9439
27,Research & Development,3,3,224,Male,156,Divorced,2566
50,Research & Development,11,3,226,Female,164,Single,19926
41,Research & Development,14,3,227,Male,163,Divorced,2451
30,Sales,5,3,228,Female,159,Married,9419
38,Sales,1,4,230,Female,165,Single,8686
32,Research & Development,6,5,231,Male,165,Single,3038
27,Research & Development,17,3,233,Male,188,Married,3058
19,Sales,1,1,235,Female,162,Single,2325
36,Research & Development,3,2,238,Male,175,Single,2088
30,Research & Development,9,3,239,Male,161,Divorced,3072
45,Sales,4,2,240,Female,152,Divorced,5006
56,Research & Development,8,3,241,Female,159,Divorced,4257
33,Research & Development,2,3,242,Male,164,Single,2500
19,Research & Development,2,3,243,Male,165,Single,1102
46,Sales,1,2,244,Female,164,Divorced,10453
38,Research & Development,9,2,245,Female,165,Single,2288
31,Research & Development,12,1,246,Female,165,Married,3929
34,Research & Development,27,2,247,Female,174,Single,2311
41,Sales,20,2,248,Female,158,Single,3140
50,Research & Development,1,3,249,Male,168,Married,3690
53,Research & Development,13,2,250,Female,169,Divorced,4450
33,Research & Development,14,3,252,Female,161,Married,2756
40,Research & Development,4,1,253,Female,167,Married,19033
55,Research & Development,14,4,254,Male,166,Single,18722
34,Research & Development,2,1,256,Male,155,Married,9547
51,Research & Development,3,3,258,Female,168,Single,13734
52,Research & Development,1,4,259,Male,166,Married,19999
27,Research & Development,9,3,260,Female,167,Single,2279
35,Research & Development,23,2,261,Male,163,Married,5916
43,Research & Development,7,3,262,Male,157,Divorced,2089
45,Research & Development,2,2,264,Male,165,Married,16792
37,Research & Development,21,3,267,Male,173,Married,3564
35,Research & Development,2,3,269,Female,169,Single,4425
42,Research & Development,21,2,270,Female,166,Divorced,5265
38,Research & Development,2,4,271,Male,167,Married,6553
38,Research & Development,29,3,273,Male,166,Married,6261
27,Research & Development,1,1,274,Male,160,Married,4298
49,Research & Development,18,4,275,Male,154,Divorced,6804
34,Research & Development,10,4,277,Male,166,Divorced,3815
40,Research & Development,19,2,281,Male,169,Married,2741
38,Research & Development,29,1,282,Male,159,Married,6673
29,Sales,27,3,283,Female,151,Married,7639
22,Research & Development,5,3,284,Male,169,Divorced,2328
36,Research & Development,18,1,286,Female,178,Single,2153
40,Research & Development,9,5,287,Male,163,Married,4876
46,Research & Development,1,4,288,Male,160,Divorced,9396
32,Sales,4,4,291,Male,162,Married,10400
30,Research & Development,1,1,292,Male,164,Single,8474
27,Sales,20,3,293,Female,165,Single,9981
51,Research & Development,8,4,296,Male,162,Married,12490
30,Research & Development,3,3,297,Female,163,Single,2657
41,Sales,6,3,298,Female,170,Single,13591
30,Sales,26,4,299,Female,175,Single,6696
29,Research & Development,1,3,300,Male,162,Single,2058
45,Sales,6,3,302,Female,167,Single,8865
54,Sales,3,3,303,Female,172,Married,5940
36,Research & Development,5,2,304,Male,169,Single,5914
33,Research & Development,4,4,305,Female,181,Married,2622
37,Research & Development,11,3,306,Male,156,Divorced,12185
38,Sales,3,3,307,Male,169,Divorced,10609
31,Research & Development,1,4,308,Male,154,Married,4345
59,Research & Development,3,3,309,Male,171,Married,2177
37,Sales,4,4,311,Male,153,Divorced,2793
29,Sales,1,1,312,Female,170,Married,7918
35,Sales,1,3,314,Female,171,Single,8789
29,Research & Development,18,1,315,Male,170,Single,2389
52,Research & Development,2,3,316,Female,166,Single,3212
42,Research & Development,4,2,319,Male,164,Married,19232
59,Human Resources,6,2,321,Male,160,Married,2267
50,Sales,1,4,323,Female,152,Divorced,19517
33,Research & Development,14,3,325,Male,174,Married,2436
43,Sales,16,3,327,Female,157,Married,16064
33,Research & Development,2,2,328,Female,163,Married,2707
52,Sales,2,4,329,Male,156,Single,19068
32,Sales,4,2,330,Female,173,Married,3931
32,Research & Development,1,3,331,Male,166,Single,3730
39,Research & Development,1,4,332,Female,169,Divorced,2232
32,Sales,26,4,333,Male,161,Married,4465
41,Research & Development,19,2,334,Male,169,Divorced,3072
40,Research & Development,24,2,335,Male,173,Divorced,3319
45,Research & Development,1,3,336,Male,171,Married,19202
31,Research & Development,3,4,337,Male,168,Divorced,13675
33,Research & Development,5,4,338,Female,157,Married,2911
34,Research & Development,2,4,339,Male,162,Married,5957
37,Research & Development,1,2,340,Female,168,Married,3920
45,Research & Development,7,4,341,Male,162,Married,6434
37,Research & Development,10,3,342,Male,163,Divorced,10048
39,Research & Development,2,4,343,Female,162,Single,10938
29,Research & Development,15,3,346,Male,168,Single,2340
42,Research & Development,17,2,347,Female,169,Single,6545
29,Sales,20,2,349,Male,168,Divorced,6931
25,Research & Development,1,3,350,Female,174,Married,4898
42,Research & Development,2,3,351,Female,160,Divorced,2593
40,Research & Development,2,2,352,Male,160,Divorced,19436
51,Research & Development,1,3,353,Male,164,Married,2723
31,Research & Development,29,2,355,Male,168,Single,3479
32,Research & Development,7,3,359,Male,159,Married,2794
38,Sales,2,2,361,Male,168,Married,5249
32,Research & Development,2,1,362,Male,162,Single,2176
46,Sales,2,3,363,Female,155,Married,16872
28,Research & Development,2,4,364,Male,154,Single,3485
29,Sales,2,3,366,Male,159,Married,6644
31,Research & Development,23,3,367,Male,173,Married,5582
25,Research & Development,5,2,369,Male,165,Divorced,4000
45,Research & Development,20,2,372,Male,171,Married,13496
36,Research & Development,6,3,373,Male,159,Married,3210
55,Research & Development,1,3,374,Male,171,Single,19045
47,Research & Development,29,4,376,Male,158,Married,11849
28,Research & Development,9,3,377,Male,160,Married,2070
37,Sales,6,4,378,Male,172,Married,6502
21,Research & Development,3,2,379,Male,152,Single,3230
37,Research & Development,1,4,380,Female,156,Divorced,13603
35,Research & Development,22,3,381,Female,177,Divorced,11996
38,Sales,7,2,382,Female,162,Divorced,5605
26,Research & Development,1,3,384,Female,158,Divorced,6397
50,Research & Development,4,1,385,Male,160,Divorced,19144
53,Research & Development,3,4,386,Male,162,Married,17584
42,Sales,1,1,387,Male,156,Married,4907
29,Sales,2,2,388,Male,157,Single,4554
55,Research & Development,20,2,389,Male,166,Married,5415
26,Research & Development,11,2,390,Male,175,Married,4741
37,Research & Development,1,3,391,Female,152,Single,2115
44,Research & Development,24,3,392,Male,159,Divorced,3161
38,Research & Development,23,4,393,Male,155,Divorced,5745
26,Research & Development,16,4,394,Male,160,Divorced,2373
28,Research & Development,8,2,395,Female,161,Single,3310
49,Research & Development,10,4,396,Female,160,Single,18665
36,Research & Development,3,3,397,Male,158,Single,4485
31,Sales,5,3,399,Female,161,Divorced,2789
26,Sales,4,4,401,Male,165,Single,5828
37,Research & Development,9,3,403,Male,167,Married,2326
42,Sales,26,3,404,Female,171,Married,13525
18,Research & Development,3,3,405,Male,160,Single,1420
35,Sales,16,3,406,Male,172,Married,8020
36,Research & Development,18,4,407,Male,162,Married,3688
51,Research & Development,2,3,408,Male,160,Divorced,5482
41,Sales,2,4,410,Male,172,Single,16015
18,Sales,10,3,411,Female,166,Single,1200
28,Research & Development,16,2,412,Male,166,Single,5661
31,Sales,7,3,416,Male,163,Married,6929
39,Research & Development,1,3,417,Male,164,Divorced,9613
36,Research & Development,24,4,419,Female,157,Married,5674
32,Sales,7,3,420,Male,162,Married,5484
38,Research & Development,25,2,421,Female,158,Married,12061
58,Research & Development,1,4,422,Male,165,Divorced,5660
31,Research & Development,5,4,423,Male,165,Married,4821
31,Human Resources,2,3,424,Male,158,Married,6410
45,Research & Development,7,3,425,Male,165,Divorced,5210
31,Research & Development,2,4,426,Male,158,Divorced,2695
33,Research & Development,5,4,428,Female,167,Married,11878
39,Research & Development,10,1,429,Male,158,Married,17068
43,Research & Development,10,4,430,Female,173,Single,2455
49,Research & Development,1,2,431,Female,176,Single,13964
52,Research & Development,8,4,433,Male,161,Married,4941
27,Research & Development,5,3,434,Female,164,Single,2478
32,Sales,8,2,436,Female,158,Married,5228
27,Sales,2,3,437,Male,165,Single,4478
31,Sales,7,3,438,Male,159,Divorced,7547
32,Research & Development,2,4,439,Female,155,Single,5055
28,Research & Development,2,4,440,Male,168,Married,3464
30,Research & Development,28,2,441,Female,177,Married,5775
31,Research & Development,7,2,442,Female,164,Married,8943
39,Research & Development,7,2,444,Male,169,Married,19272
39,Sales,3,2,445,Female,159,Married,5238
33,Sales,10,3,446,Male,164,Single,4682
47,Research & Development,5,5,447,Male,168,Married,18300
43,Research & Development,10,4,448,Female,169,Divorced,5257
27,Sales,1,1,449,Male,162,Married,6349
54,Research & Development,20,4,450,Female,154,Single,4869
43,Research & Development,7,3,451,Female,168,Married,9985
45,Research & Development,8,4,452,Male,161,Married,3697
40,Sales,1,2,453,Male,160,Married,7457
29,Research & Development,8,4,454,Male,168,Married,2119
29,Research & Development,9,5,455,Male,163,Single,3983
30,Sales,5,3,456,Female,169,Divorced,6118
27,Sales,8,4,458,Female,164,Married,6214
37,Research & Development,5,2,460,Male,165,Divorced,6347
38,Research & Development,15,2,461,Male,171,Divorced,11510
31,Research & Development,7,4,462,Female,173,Single,7143
29,Sales,10,1,463,Female,174,Divorced,8268
35,Research & Development,5,4,464,Male,167,Single,8095
23,Research & Development,26,1,465,Male,169,Divorced,2904
41,Research & Development,6,3,466,Male,167,Single,6032
47,Sales,4,1,467,Male,167,Single,2976
42,Research & Development,23,5,468,Female,167,Single,15992
29,Sales,2,3,469,Male,165,Married,4649
42,Human Resources,2,1,470,Male,158,Divorced,2696
32,Research & Development,2,3,471,Female,168,Married,2370
48,Sales,29,1,473,Female,166,Married,12504
37,Research & Development,6,3,474,Male,153,Divorced,5974
30,Sales,25,2,475,Female,162,Married,4736
26,Sales,1,3,476,Male,163,Married,5296
42,Research & Development,2,4,477,Male,159,Single,6781
21,Sales,1,1,478,Female,148,Single,2174
36,Sales,1,5,479,Female,163,Single,6653
36,Sales,3,4,481,Male,154,Married,9699
57,Research & Development,1,4,482,Male,162,Married,6755
40,Research & Development,10,4,483,Female,159,Married,2213
21,Sales,9,2,484,Male,170,Single,2610
33,Sales,5,3,485,Female,165,Single,2851
37,Research & Development,10,3,486,Female,158,Married,3452
46,Research & Development,7,4,487,Female,150,Married,5258
41,Sales,4,3,488,Male,154,Single,9355
50,Research & Development,10,3,491,Male,172,Single,10496
40,Sales,22,2,492,Male,174,Married,6380
31,Research & Development,9,4,493,Male,158,Single,2657
21,Sales,12,3,494,Female,164,Single,2716
29,Research & Development,23,3,495,Male,167,Single,2201
35,Research & Development,9,4,496,Male,168,Single,6540
27,Research & Development,1,2,497,Male,155,Divorced,3816
28,Sales,9,4,498,Male,163,Single,5253
49,Research & Development,7,3,499,Male,159,Single,10965
51,Sales,14,2,500,Female,155,Married,4936
36,Research & Development,2,3,501,Female,161,Married,2543
34,Sales,19,3,502,Male,168,Single,5304
55,Research & Development,2,3,505,Female,162,Single,16659
24,Sales,10,4,507,Female,154,Divorced,4260
30,Sales,2,1,508,Male,166,Married,2476
26,Research & Development,3,1,510,Male,159,Single,3102
22,Research & Development,11,3,511,Female,165,Married,2244
36,Sales,2,2,513,Male,164,Married,7596
30,Research & Development,4,3,514,Male,171,Single,2285
37,Research & Development,14,3,515,Female,169,Divorced,3034
40,Sales,2,2,516,Female,169,Divorced,5715
42,Research & Development,1,4,517,Female,175,Divorced,2576
37,Research & Development,10,4,518,Male,174,Single,4197
43,Research & Development,12,3,520,Male,154,Divorced,14336
40,Research & Development,2,3,521,Female,162,Married,3448
54,Research & Development,5,2,522,Male,170,Married,19406
34,Sales,4,4,523,Female,158,Married,6538
31,Research & Development,7,2,524,Female,163,Married,4306
43,Research & Development,21,3,525,Male,164,Married,2258
43,Research & Development,8,4,526,Female,167,Divorced,4522
25,Sales,4,2,527,Female,175,Single,4487
37,Research & Development,25,5,529,Female,171,Married,4449
31,Research & Development,1,2,530,Male,169,Married,2218
39,Research & Development,1,1,531,Male,164,Divorced,19197
56,Sales,6,3,532,Female,175,Married,13212
30,Sales,12,3,533,Female,169,Single,6577
41,Sales,1,3,534,Male,159,Married,8392
28,Research & Development,17,2,536,Male,166,Divorced,4558
25,Research & Development,3,3,538,Male,173,Married,4031
52,Research & Development,3,3,543,Male,161,Married,7969
45,Research & Development,10,2,544,Male,159,Married,2654
52,Research & Development,4,2,546,Female,185,Married,16555
42,Research & Development,29,2,547,Female,167,Divorced,4556
30,Research & Development,2,3,548,Female,161,Single,6091
60,Research & Development,7,3,549,Female,168,Married,19566
46,Research & Development,18,3,550,Female,165,Divorced,4810
42,Research & Development,28,4,551,Female,161,Married,4523
24,Sales,1,1,554,Female,174,Single,3202
34,Sales,6,2,555,Female,167,Divorced,2351
38,Research & Development,2,2,556,Male,184,Married,1702
40,Sales,2,4,558,Female,171,Married,18041
26,Research & Development,23,3,560,Female,170,Divorced,2886
30,Research & Development,3,3,562,Male,151,Married,2097
29,Research & Development,3,4,564,Male,155,Married,11935
29,Research & Development,25,5,565,Female,166,Married,2546
19,Human Resources,2,2,566,Male,170,Single,2564
30,Sales,22,4,567,Female,162,Married,8412
57,Sales,29,3,568,Male,174,Divorced,14118
50,Research & Development,29,4,569,Male,171,Married,17046
30,Research & Development,2,3,571,Female,157,Single,2564
60,Sales,28,3,573,Female,168,Married,10266
47,Research & Development,2,2,574,Female,168,Divorced,5070
46,Research & Development,2,3,575,Male,160,Married,17861
35,Research & Development,22,3,577,Male,157,Single,4230
54,Research & Development,8,4,578,Female,163,Single,3780
34,Research & Development,2,4,579,Male,178,Divorced,2768
46,Sales,10,3,580,Female,167,Married,9071
31,Research & Development,9,1,581,Male,170,Divorced,10648
33,Research & Development,15,1,582,Male,146,Married,13610
33,Research & Development,10,1,584,Male,179,Divorced,3408
30,Sales,7,1,585,Male,159,Single,2983
35,Research & Development,16,3,586,Male,166,Married,7632
31,Research & Development,20,3,587,Male,171,Married,9824
34,Human Resources,23,3,590,Female,158,Divorced,9950
42,Research & Development,5,2,591,Male,163,Married,2093
36,Sales,10,4,592,Male,160,Single,9980
22,Research & Development,4,1,593,Male,159,Single,3894
48,Sales,2,5,595,Female,162,Married,4051
55,Sales,18,5,597,Female,166,Single,16835
41,Sales,10,2,599,Male,162,Single,6230
35,Sales,1,3,600,Male,177,Married,4717
40,Research & Development,6,3,601,Female,162,Single,13237
39,Research & Development,8,1,602,Female,163,Married,3755
31,Sales,2,1,604,Male,172,Single,6582
42,Research & Development,24,3,605,Male,167,Married,7406
45,Sales,2,3,606,Male,159,Married,4805
26,Human Resources,17,4,608,Female,164,Divorced,2741
29,Research & Development,19,3,611,Male,161,Divorced,4262
33,Research & Development,1,5,612,Female,162,Divorced,16184
31,Sales,7,3,613,Male,171,Divorced,11557
18,Sales,5,3,614,Male,165,Single,1878
40,Sales,28,3,615,Male,159,Divorced,10932
41,Research & Development,2,4,616,Female,192,Single,6811
26,Sales,29,2,618,Male,164,Divorced,4306
35,Sales,1,3,620,Female,163,Single,4859
34,Sales,21,4,621,Male,175,Single,5337
26,Research & Development,24,3,622,Male,165,Single,2340
37,Research & Development,1,3,623,Female,165,Single,7491
46,Research & Development,18,1,624,Female,156,Married,10527
41,Sales,2,5,625,Female,165,Married,16595
37,Sales,9,4,626,Male,160,Divorced,8834
52,Research & Development,6,2,630,Male,177,Divorced,5577
32,Sales,11,4,631,Male,174,Married,4707
24,Sales,24,3,632,Male,160,Married,2400
38,Research & Development,10,3,634,Female,174,Married,9824
37,Research & Development,1,4,635,Female,165,Married,6447
49,Research & Development,18,4,638,Male,160,Divorced,19502
24,Research & Development,23,3,639,Male,160,Married,2725
26,Sales,28,2,641,Male,174,Married,6272
24,Research & Development,17,2,643,Male,156,Married,2127
50,Human Resources,3,3,644,Male,165,Married,18200
25,Sales,13,1,645,Male,167,Married,2096
24,Research & Development,7,3,647,Female,173,Married,2886
30,Sales,12,4,648,Male,166,Married,2033
34,Research & Development,1,2,649,Male,161,Married,3622
31,Sales,13,4,650,Male,173,Divorced,4233
35,Research & Development,25,2,652,Male,168,Single,3681
31,Sales,6,4,653,Male,171,Divorced,5460
27,Research & Development,6,4,655,Female,157,Divorced,2187
37,Sales,2,3,656,Male,165,Married,9602
20,Research & Development,1,3,657,Female,163,Single,2836
42,Research & Development,2,4,659,Female,155,Married,4089
43,Research & Development,6,4,661,Male,155,Divorced,16627
38,Research & Development,1,1,662,Female,168,Single,2619
43,Research & Development,9,5,663,Male,167,Divorced,5679
48,Research & Development,1,4,664,Female,179,Married,15402
44,Human Resources,1,4,665,Female,160,Single,5985
34,Sales,14,3,666,Female,157,Divorced,2579
27,Sales,2,1,667,Male,161,Divorced,3041
21,Sales,22,1,669,Male,158,Single,3447
44,Research & Development,3,4,671,Male,170,Married,19513
22,Research & Development,6,1,675,Male,163,Married,2773
33,Sales,8,4,677,Male,173,Divorced,7104
32,Research & Development,9,4,679,Female,161,Married,6322
30,Research & Development,3,3,680,Female,174,Divorced,2083
53,Sales,1,1,682,Female,166,Single,8381
34,Research & Development,1,5,683,Male,165,Married,2691
45,Sales,26,4,684,Female,167,Married,4286
26,Research & Development,6,3,686,Female,170,Married,2659
37,Research & Development,3,3,689,Male,166,Married,9434
29,Sales,3,2,690,Female,157,Married,5561
35,Research & Development,6,4,691,Male,158,Single,6646
33,Research & Development,6,3,692,Male,164,Divorced,7725
54,Human Resources,19,4,698,Male,172,Married,10725
36,Research & Development,9,2,699,Male,178,Divorced,8847
27,Research & Development,3,4,700,Male,160,Single,2045
20,Research & Development,10,1,701,Male,159,Single,1009
33,Research & Development,3,3,702,Male,160,Single,3348
35,Research & Development,3,3,704,Male,163,Married,1281
23,Research & Development,4,3,705,Male,151,Married,2819
25,Sales,8,3,707,Male,154,Married,4851
38,Sales,7,4,709,Female,173,Single,4028
29,Research & Development,1,4,710,Male,173,Divorced,2720
48,Sales,2,1,712,Male,161,Married,8120
27,Sales,3,1,714,Female,168,Divorced,4647
37,Research & Development,10,2,715,Male,160,Single,4680
50,Research & Development,28,1,716,Male,173,Married,3221
34,Research & Development,9,3,717,Female,165,Single,8621
24,Sales,3,2,720,Female,182,Single,4577
39,Research & Development,2,4,721,Female,171,Single,4553
32,Sales,10,3,722,Male,165,Single,5396
50,Sales,8,2,723,Male,179,Married,6796
38,Research & Development,1,4,724,Female,155,Single,7625
27,Research & Development,1,2,725,Female,154,Married,7412
32,Research & Development,3,2,727,Female,163,Single,11159
47,Sales,14,4,728,Male,167,Single,4960
40,Sales,5,4,729,Male,181,Married,10475
53,Research & Development,7,3,730,Male,164,Married,14814
41,Human Resources,10,4,731,Male,163,Divorced,19141
60,Sales,16,4,732,Male,162,Single,5405
27,Research & Development,10,2,733,Male,168,Divorced,8793
41,Human Resources,1,3,734,Male,165,Married,19189
50,Sales,8,4,738,Male,159,Married,3875
28,Research & Development,1,2,741,Female,158,Single,2216
36,Research & Development,8,3,742,Female,172,Married,11713
38,Research & Development,1,3,743,Female,174,Single,7861
44,Research & Development,24,3,744,Male,165,Single,3708
47,Sales,3,3,746,Female,168,Divorced,13770
30,Sales,27,5,747,Male,169,Divorced,5304
29,Sales,10,3,749,Male,168,Single,2642
42,Research & Development,19,3,752,Male,162,Divorced,2759
43,Sales,15,3,754,Male,171,Married,6804
34,Research & Development,8,2,757,Female,167,Single,6142
23,Research & Development,9,1,758,Male,163,Married,2500
39,Human Resources,3,3,760,Female,175,Married,6389
56,Research & Development,9,3,762,Male,155,Married,11103
40,Research & Development,2,1,763,Female,160,Single,2342
27,Research & Development,7,3,764,Female,162,Single,6811
29,Sales,10,3,766,Male,169,Divorced,2297
53,Research & Development,6,3,769,Male,169,Single,2450
35,Research & Development,2,4,771,Female,160,Divorced,5093
32,Research & Development,24,4,772,Male,164,Married,5309
38,Research & Development,2,5,773,Male,174,Married,3057
34,Research & Development,8,5,775,Female,159,Divorced,5121
52,Sales,3,4,776,Male,156,Married,16856
33,Research & Development,1,4,780,Male,174,Single,2686
25,Sales,26,1,781,Female,173,Single,6180
45,Sales,2,2,783,Male,162,Single,6632
23,Research & Development,10,1,784,Male,169,Single,3505
47,Sales,27,2,785,Female,158,Single,6397
34,Sales,2,3,786,Male,172,Single,6274
55,Research & Development,2,3,787,Male,181,Married,19859
36,Sales,8,4,789,Male,170,Single,7587
52,Research & Development,19,4,791,Male,166,Married,4258
26,Research & Development,1,2,792,Female,163,Divorced,4364
29,Research & Development,27,3,793,Female,166,Married,4335
26,Sales,8,3,796,Male,168,Single,5326
34,Research & Development,1,4,797,Female,164,Single,3280
54,Research & Development,19,4,799,Female,174,Divorced,5485
27,Sales,8,1,800,Male,168,Married,4342
37,Research & Development,10,1,802,Female,165,Divorced,2782
38,Research & Development,2,4,803,Female,163,Single,5980
34,Research & Development,2,4,804,Female,161,Single,4381
35,Sales,8,4,805,Female,168,Married,2572
30,Research & Development,1,3,806,Male,150,Married,3833
40,Research & Development,2,2,807,Female,174,Married,4244
34,Sales,8,2,808,Female,171,Married,6500
42,Research & Development,8,3,809,Male,169,Divorced,18430
23,Research & Development,6,3,811,Male,163,Married,1601
24,Research & Development,9,3,812,Male,154,Divorced,2694
52,Research & Development,11,4,813,Female,169,Married,3149
50,Research & Development,2,3,815,Male,156,Married,17639
29,Research & Development,1,2,816,Female,168,Married,2319
33,Research & Development,7,3,817,Male,184,Married,11691
33,Sales,16,3,819,Female,169,Single,5324
47,Research & Development,2,2,820,Female,165,Married,16752
36,Research & Development,1,3,823,Female,159,Married,5228
29,Research & Development,23,2,824,Male,163,Married,2700
58,Research & Development,2,4,825,Male,168,Single,19246
35,Research & Development,1,4,826,Female,163,Single,2506
42,Research & Development,1,2,827,Female,152,Married,6062
28,Research & Development,2,4,828,Male,174,Single,4382
36,Human Resources,13,3,829,Male,165,Married,2143
32,Research & Development,4,3,830,Female,161,Married,6162
40,Research & Development,16,4,832,Male,169,Single,5094
30,Research & Development,2,3,833,Female,169,Single,6877
45,Research & Development,2,3,834,Female,153,Single,2274
42,Research & Development,29,3,836,Male,159,Married,4434
38,Research & Development,12,3,837,Male,165,Divorced,6288
34,Research & Development,16,4,838,Female,156,Single,2553
49,Sales,11,3,840,Female,149,Married,7654
55,Sales,2,1,842,Male,175,Single,5160
43,Research & Development,14,2,843,Male,175,Married,17159
27,Research & Development,5,1,844,Male,154,Divorced,12808
35,Research & Development,7,3,845,Male,152,Single,10221
28,Sales,2,4,846,Female,185,Married,4779
34,Human Resources,3,2,847,Male,160,Married,3737
26,Research & Development,5,2,848,Female,159,Married,2366
27,Research & Development,3,3,850,Male,170,Married,1706
51,Sales,26,4,851,Female,166,Married,16307
44,Research & Development,4,3,852,Male,181,Single,5933
25,Research & Development,2,1,854,Male,165,Single,3424
33,Sales,1,3,855,Male,165,Divorced,4037
35,Research & Development,27,1,856,Female,168,Single,2559
36,Sales,1,2,857,Male,167,Married,6201
32,Sales,13,4,859,Male,171,Divorced,4403
30,Research & Development,5,4,861,Male,162,Divorced,3761
53,Sales,7,2,862,Female,169,Married,10934
45,Sales,9,3,864,Male,163,Divorced,10761
32,Research & Development,8,2,865,Female,173,Married,5175
52,Research & Development,25,4,867,Female,153,Married,13826
37,Sales,16,4,868,Male,147,Divorced,6334
28,Human Resources,8,2,869,Male,161,Divorced,4936
22,Research & Development,1,2,872,Male,161,Married,4775
44,Research & Development,8,4,874,Male,152,Married,2818
42,Research & Development,2,1,875,Male,170,Single,2515
36,Human Resources,8,3,878,Male,166,Married,2342
25,Sales,3,1,879,Male,165,Married,4194
35,Research & Development,9,3,880,Female,163,Married,10685
35,Research & Development,25,4,881,Female,169,Divorced,2022
32,Research & Development,1,3,882,Male,161,Divorced,2314
25,Sales,4,1,885,Male,167,Married,4256
49,Research & Development,1,3,887,Female,163,Married,3580
24,Research & Development,4,1,888,Male,167,Married,3162
32,Sales,5,2,889,Male,161,Married,6524
38,Sales,9,3,893,Male,165,Married,2899
42,Research & Development,3,3,894,Female,164,Married,5231
31,Research & Development,11,4,895,Male,163,Married,2356
29,Sales,1,3,896,Female,169,Divorced,2800
53,Sales,8,3,897,Male,187,Married,11836
35,Research & Development,25,3,899,Male,173,Married,10903
37,Sales,21,2,900,Female,159,Married,2973
53,Research & Development,23,4,901,Female,162,Single,14275
43,Research & Development,1,3,902,Female,177,Married,5562
47,Sales,2,2,903,Female,159,Married,4537
37,Sales,19,2,904,Male,162,Single,7642
50,Research & Development,2,4,905,Male,176,Divorced,17924
39,Human Resources,2,3,909,Female,170,Married,5204
33,Human Resources,3,2,910,Male,169,Divorced,2277
32,Research & Development,25,4,911,Male,163,Single,2795
29,Research & Development,7,1,912,Female,165,Divorced,2532
44,Research & Development,9,2,913,Male,150,Married,2559
28,Sales,5,4,916,Male,172,Single,4908
58,Research & Development,2,1,918,Male,172,Divorced,2380
43,Research & Development,8,3,920,Female,170,Divorced,4765
20,Sales,2,3,922,Female,159,Single,2044
21,Research & Development,18,1,923,Female,172,Single,2693
36,Research & Development,14,1,924,Male,163,Married,6586
47,Sales,2,4,925,Female,158,Single,3294
22,Research & Development,3,1,926,Female,151,Married,4171
41,Research & Development,2,4,927,Female,147,Divorced,2778
28,Research & Development,9,3,930,Female,172,Divorced,2377
39,Research & Development,6,3,932,Male,165,Married,2404
27,Research & Development,4,3,933,Female,163,Single,2318
34,Research & Development,10,3,934,Male,167,Divorced,2008
42,Sales,14,2,936,Female,163,Single,6244
33,Research & Development,1,4,939,Male,167,Single,2799
58,Research & Development,5,3,940,Female,158,Divorced,10552
31,Sales,7,4,941,Male,156,Married,2329
35,Research & Development,21,1,942,Female,171,Married,4014
49,Research & Development,8,2,944,Female,163,Married,7403
48,Research & Development,20,4,945,Male,166,Married,2259
31,Sales,20,2,947,Female,173,Married,6932
36,Research & Development,7,4,949,Male,167,Single,4678
38,Research & Development,1,3,950,Female,168,Married,13582
32,Research & Development,1,3,951,Female,175,Married,2332
25,Sales,19,2,952,Male,165,Married,2413
40,Sales,10,4,954,Male,164,Divorced,9705
26,Sales,1,3,956,Male,157,Single,4294
41,Research & Development,6,3,957,Male,163,Single,4721
36,Research & Development,2,4,958,Male,176,Single,2519
19,Sales,21,3,959,Male,161,Single,2121
20,Research & Development,4,3,960,Male,168,Single,2973
31,Research & Development,12,3,961,Female,167,Married,5855
40,Research & Development,9,4,964,Male,161,Divorced,3617
32,Research & Development,3,4,966,Female,168,Married,6725
36,Sales,3,1,967,Male,151,Married,10325
33,Research & Development,1,3,969,Female,162,Single,6949
37,Sales,1,4,970,Male,178,Married,10609
45,Research & Development,4,2,972,Male,166,Married,4447
29,Sales,20,3,974,Female,163,Married,2157
35,Sales,18,3,975,Female,158,Married,4601
52,Research & Development,1,2,976,Male,169,Married,17099
58,Research & Development,2,3,977,Male,165,Single,2479
53,Sales,2,2,981,Male,169,Divorced,14852
30,Sales,8,2,982,Male,161,Divorced,7264
38,Sales,10,3,983,Female,171,Single,5666
35,Sales,3,4,984,Male,158,Divorced,7823
39,Sales,2,5,985,Male,163,Single,7880
40,Sales,24,3,986,Female,160,Single,13194
47,Research & Development,16,4,987,Male,170,Divorced,5067
36,Sales,8,4,990,Male,165,Divorced,5079
31,Research & Development,9,2,991,Male,173,Single,2321
33,Sales,17,3,992,Male,160,Single,17444
29,Research & Development,10,3,994,Female,160,Single,2404
33,Research & Development,13,1,995,Female,172,Single,3452
45,Research & Development,1,4,996,Female,162,Divorced,2270
50,Research & Development,1,2,997,Male,164,Divorced,17399
33,Research & Development,1,4,998,Female,171,Married,5488
41,Research & Development,9,3,999,Male,160,Divorced,19419
27,Research & Development,16,4,1001,Female,173,Married,2811
45,Research & Development,23,2,1002,Male,167,Married,3633
47,Sales,4,2,1003,Female,171,Single,4163
30,Research & Development,22,3,1004,Female,170,Married,2132
50,Research & Development,24,3,1005,Male,143,Married,13973
38,Research & Development,10,1,1006,Male,173,Married,2684
46,Research & Development,7,2,1007,Male,164,Divorced,10845
24,Research & Development,17,1,1009,Female,165,Divorced,4377
35,Research & Development,14,4,1010,Male,169,Divorced,3743
31,Research & Development,1,1,1011,Female,173,Married,4148
18,Research & Development,5,2,1012,Male,162,Single,1051
54,Research & Development,17,3,1013,Female,160,Married,10739
35,Research & Development,25,4,1014,Female,175,Divorced,10388
30,Research & Development,8,2,1015,Female,163,Married,11416
20,Research & Development,11,3,1016,Female,160,Single,2600
30,Research & Development,5,3,1017,Female,168,Single,2422
26,Research & Development,2,2,1018,Male,162,Married,5472
22,Research & Development,8,1,1019,Male,156,Married,2451
48,Research & Development,6,3,1022,Male,164,Single,4240
48,Research & Development,4,4,1024,Male,169,Single,10999
41,Research & Development,7,2,1025,Female,159,Single,5003
39,Research & Development,1,1,1026,Female,161,Married,12742
27,Research & Development,2,4,1027,Female,171,Married,4227
35,Research & Development,10,3,1028,Male,158,Divorced,3917
42,Sales,5,2,1029,Male,165,Married,18303
50,Research & Development,9,3,1030,Male,168,Married,2380
59,Research & Development,2,3,1032,Female,170,Single,13726
37,Research & Development,11,2,1033,Female,166,Married,4777
55,Research & Development,18,4,1034,Male,164,Married,6385
41,Research & Development,7,1,1035,Female,172,Divorced,19973
38,Sales,3,4,1036,Male,160,Single,6861
26,Sales,29,2,1037,Male,162,Single,4969
52,Sales,2,1,1038,Female,159,Married,19845
44,Sales,28,3,1039,Female,169,Married,13320
50,Sales,1,3,1040,Female,154,Married,6347
36,Research & Development,16,4,1042,Female,153,Single,2743
39,Research & Development,22,3,1043,Female,167,Single,10880
33,Sales,8,1,1044,Female,168,Single,2342
45,Sales,11,2,1045,Female,178,Married,17650
32,Research & Development,29,4,1046,Female,163,Single,4025
34,Sales,1,4,1047,Male,140,Divorced,9725
59,Sales,1,2,1048,Male,173,Married,11904
45,Human Resources,24,4,1049,Male,164,Single,2177
53,Sales,2,3,1050,Female,180,Married,7525
36,Research & Development,15,3,1052,Male,162,Divorced,4834
26,Research & Development,2,3,1053,Male,167,Married,2042
34,Sales,10,4,1055,Female,158,Married,2220
28,Sales,10,1,1056,Male,167,Married,1052
38,Research & Development,3,4,1060,Male,168,Married,2821
50,Research & Development,2,4,1061,Male,160,Married,19237
37,Research & Development,3,3,1062,Female,172,Single,4107
40,Sales,26,3,1066,Male,171,Married,8396
26,Research & Development,1,1,1068,Female,157,Divorced,2007
46,Research & Development,1,4,1069,Male,170,Divorced,19627
54,Sales,2,4,1070,Female,175,Married,10686
56,Research & Development,9,3,1071,Female,157,Married,2942
36,Research & Development,12,5,1073,Female,167,Single,8858
55,Research & Development,2,1,1074,Male,158,Single,16756
43,Sales,25,3,1076,Male,169,Divorced,10798
20,Sales,9,3,1077,Female,154,Single,2323
21,Research & Development,10,3,1079,Female,156,Single,1416
46,Research & Development,8,4,1080,Female,152,Divorced,4615
51,Research & Development,4,4,1081,Male,176,Married,2461
28,Research & Development,24,2,1082,Male,160,Single,8722
26,Research & Development,1,2,1083,Male,162,Married,3955
30,Research & Development,20,3,1084,Male,166,Married,9957
41,Research & Development,7,2,1085,Female,160,Married,3376
38,Research & Development,17,1,1088,Female,171,Married,8823
40,Research & Development,20,4,1092,Male,166,Married,10322
27,Research & Development,8,5,1094,Male,156,Married,4621
55,Research & Development,2,1,1096,Male,168,Married,10976
28,Research & Development,10,3,1097,Female,157,Single,3660
44,Human Resources,1,2,1098,Male,158,Married,10482
33,Research & Development,5,3,1099,Male,163,Divorced,7119
35,Sales,4,3,1100,Male,158,Single,9582
33,Research & Development,29,4,1101,Female,170,Single,4508
28,Research & Development,15,2,1102,Male,157,Divorced,2207
34,Research & Development,3,1,1103,Male,176,Single,7756
37,Sales,10,4,1105,Female,164,Divorced,6694
25,Research & Development,4,1,1106,Male,160,Married,3691
26,Research & Development,21,3,1107,Male,159,Divorced,2377
33,Research & Development,25,3,1108,Male,156,Single,2313
42,Research & Development,2,2,1109,Male,161,Married,17665
28,Research & Development,1,3,1111,Male,161,Divorced,2596
50,Sales,1,4,1113,Male,168,Single,4728
33,Sales,7,3,1114,Female,166,Married,4302
34,Research & Development,3,4,1115,Male,149,Married,2979
48,Research & Development,1,4,1116,Male,163,Single,16885
45,Sales,9,4,1117,Female,159,Married,5593
52,Research & Development,7,4,1118,Male,167,Single,10445
38,Sales,10,4,1119,Male,165,Divorced,8740
29,Research & Development,28,4,1120,Female,158,Divorced,2514
28,Research & Development,3,3,1121,Female,169,Divorced,7655
46,Sales,3,1,1124,Male,152,Married,17465
38,Sales,2,2,1125,Male,159,Single,7351
43,Research & Development,27,3,1126,Female,174,Married,10820
39,Research & Development,2,3,1127,Male,155,Divorced,12169
40,Research & Development,14,3,1128,Male,166,Single,19626
21,Research & Development,1,1,1131,Female,163,Single,2070
39,Research & Development,9,3,1132,Male,163,Single,6782
36,Research & Development,18,4,1133,Male,161,Single,7779
31,Sales,20,3,1135,Male,163,Married,2791
28,Research & Development,2,1,1136,Male,165,Married,3201
35,Sales,11,2,1137,Male,162,Divorced,4968
49,Sales,8,4,1138,Male,163,Married,13120
34,Research & Development,2,2,1140,Male,165,Single,4033
29,Research & Development,10,3,1143,Female,173,Divorced,3291
42,Research & Development,29,3,1148,Male,157,Single,4272
29,Research & Development,8,1,1150,Male,174,Married,5056
38,Human Resources,1,3,1152,Male,154,Married,2844
28,Research & Development,6,3,1154,Male,169,Divorced,2703
18,Research & Development,8,1,1156,Male,172,Single,1904
33,Sales,9,4,1157,Female,159,Single,8224
41,Research & Development,12,4,1158,Male,163,Married,4766
31,Research & Development,15,3,1160,Male,160,Married,2610
37,Research & Development,25,2,1161,Female,174,Divorced,5731
27,Research & Development,6,3,1162,Male,176,Married,2539
34,Sales,9,1,1163,Female,165,Married,5714
35,Human Resources,8,4,1164,Male,164,Single,4323
29,Sales,23,1,1165,Female,158,Married,7336
40,Research & Development,9,4,1166,Female,167,Single,13499
42,Sales,12,3,1167,Male,165,Single,13758
42,Sales,4,4,1171,Male,163,Single,5155
35,Research & Development,1,4,1172,Male,161,Married,2258
24,Research & Development,24,3,1173,Male,153,Single,3597
28,Research & Development,12,1,1175,Female,159,Married,2515
26,Research & Development,3,4,1177,Male,166,Married,4420
30,Sales,10,3,1179,Male,160,Married,6578
40,Research & Development,26,2,1180,Female,167,Married,4422
35,Research & Development,2,3,1182,Male,173,Divorced,10274
34,Research & Development,1,3,1184,Male,162,Single,5343
35,Research & Development,4,4,1185,Male,153,Married,2376
43,Sales,9,3,1188,Female,157,Single,5346
32,Sales,2,1,1190,Female,161,Divorced,2827
56,Research & Development,4,4,1191,Female,162,Divorced,19943
29,Research & Development,6,1,1192,Female,166,Married,3131
19,Research & Development,9,2,1193,Male,169,Single,2552
45,Research & Development,7,3,1195,Female,181,Married,4477
37,Research & Development,1,3,1196,Female,166,Married,6474
20,Research & Development,3,3,1198,Male,158,Single,3033
44,Research & Development,10,4,1200,Male,157,Single,2936
53,Research & Development,7,2,1201,Female,160,Divorced,18606
29,Research & Development,15,1,1202,Female,174,Married,2168
22,Research & Development,3,4,1203,Male,173,Married,2853
46,Sales,2,3,1204,Female,156,Married,17048
44,Research & Development,17,3,1206,Male,157,Single,2290
33,Human Resources,2,3,1207,Male,159,Married,3600
41,Research & Development,5,2,1210,Male,170,Divorced,2107
30,Sales,29,4,1211,Male,167,Divorced,4115
40,Sales,2,4,1212,Male,150,Married,4327
50,Research & Development,2,3,1215,Female,183,Married,17856
28,Research & Development,19,4,1216,Male,175,Married,3196
46,Research & Development,15,2,1217,Male,159,Married,19081
35,Sales,17,4,1218,Male,159,Married,8966
24,Research & Development,17,2,1219,Female,179,Married,2210
33,Sales,25,3,1220,Female,162,Married,4539
36,Research & Development,6,4,1221,Male,166,Divorced,2741
30,Research & Development,7,4,1224,Male,165,Divorced,3491
44,Research & Development,29,4,1225,Male,164,Single,4541
20,Sales,21,3,1226,Male,156,Single,2678
46,Research & Development,2,4,1228,Male,163,Divorced,7379
42,Human Resources,2,5,1231,Male,171,Married,6272
60,Sales,7,4,1233,Male,151,Divorced,5220
32,Research & Development,13,3,1234,Female,163,Married,2743
32,Research & Development,2,2,1235,Female,176,Single,4998
36,Research & Development,1,3,1237,Female,158,Divorced,10252
33,Research & Development,9,3,1238,Male,159,Married,2781
40,Sales,10,3,1239,Female,173,Divorced,6852
25,Sales,10,4,1240,Male,175,Single,4950
30,Research & Development,1,3,1241,Male,174,Married,3579
42,Research & Development,26,5,1242,Female,173,Married,13191
35,Sales,8,2,1243,Female,172,Married,10377
27,Research & Development,14,3,1244,Male,157,Married,2235
54,Research & Development,1,4,1245,Female,168,Divorced,10502
44,Research & Development,2,1,1246,Female,168,Married,2011
19,Research & Development,10,3,1248,Female,170,Single,1859
29,Research & Development,1,3,1249,Female,152,Divorced,3760
54,Research & Development,3,3,1250,Male,169,Married,17779
31,Research & Development,11,2,1251,Male,158,Married,6833
31,Research & Development,24,3,1252,Female,165,Single,6812
59,Sales,3,3,1254,Female,166,Single,5171
43,Research & Development,3,3,1255,Male,179,Married,19740
49,Research & Development,4,2,1256,Male,158,Married,18711
36,Research & Development,3,3,1257,Male,161,Married,3692
48,Research & Development,2,2,1258,Male,157,Single,2559
27,Research & Development,4,2,1259,Male,166,Divorced,2517
29,Research & Development,7,3,1260,Male,165,Divorced,6623
48,Research & Development,1,3,1263,Male,171,Single,18265
29,Research & Development,1,3,1264,Female,160,Divorced,16124
34,Research & Development,20,3,1265,Female,161,Married,2585
44,Sales,5,3,1267,Male,164,Married,18213
33,Sales,10,5,1268,Male,158,Divorced,8380
19,Research & Development,25,3,1269,Female,157,Single,2994
23,Research & Development,1,2,1270,Male,166,Married,1223
25,Sales,24,1,1273,Male,172,Single,1118
26,Research & Development,4,2,1275,Male,166,Single,2875
45,Sales,2,3,1277,Female,172,Single,18824
55,Research & Development,8,1,1278,Male,173,Divorced,13577
21,Research & Development,10,2,1279,Female,165,Single,2625
46,Sales,4,2,1280,Female,161,Married,18789
34,Sales,2,3,1281,Female,168,Single,4538
51,Sales,9,3,1282,Male,149,Divorced,19847
59,Research & Development,18,4,1283,Male,162,Single,10512
34,Research & Development,19,3,1285,Female,163,Divorced,4444
28,Research & Development,1,4,1286,Male,175,Single,2154
44,Research & Development,4,2,1288,Male,166,Divorced,19190
34,Human Resources,11,3,1289,Male,172,Married,4490
35,Research & Development,6,1,1291,Male,167,Married,3506
42,Research & Development,7,4,1292,Female,164,Married,2372
43,Sales,4,4,1293,Female,162,Single,10231
36,Research & Development,2,4,1294,Female,172,Single,5410
44,Research & Development,15,3,1295,Female,169,Married,7978
28,Research & Development,2,3,1296,Male,161,Married,3867
51,Research & Development,6,2,1297,Female,171,Single,2838
30,Research & Development,9,2,1298,Female,167,Single,4695
29,Research & Development,7,3,1299,Female,160,Divorced,3339
28,Research & Development,1,3,1301,Male,176,Single,2080
25,Research & Development,1,3,1303,Female,168,Single,2096
32,Sales,8,3,1304,Male,170,Married,6209
45,Research & Development,25,3,1306,Female,163,Single,18061
39,Research & Development,13,4,1307,Female,164,Divorced,17123
58,Research & Development,23,4,1308,Male,152,Divorced,2372
32,Research & Development,7,2,1309,Male,165,Married,4883
39,Research & Development,23,3,1310,Male,157,Single,3904
30,Research & Development,6,3,1311,Female,164,Married,4627
36,Research & Development,10,4,1312,Female,175,Married,7094
46,Human Resources,1,2,1314,Female,163,Single,3423
28,Research & Development,1,3,1315,Female,162,Married,6674
50,Research & Development,28,3,1317,Female,171,Married,16880
40,Sales,25,4,1318,Male,178,Single,9094
52,Sales,5,3,1319,Male,160,Single,8446
30,Research & Development,17,4,1321,Female,152,Married,11916
39,Research & Development,18,2,1322,Male,169,Single,4534
31,Sales,2,4,1324,Female,181,Divorced,9852
41,Sales,10,2,1329,Male,164,Single,6151
31,Sales,1,3,1331,Female,173,Single,2302
44,Research & Development,3,3,1333,Male,185,Married,2362
42,Research & Development,2,1,1334,Male,155,Married,17861
55,Research & Development,2,2,1336,Female,170,Married,19187
56,Human Resources,8,4,1338,Male,157,Single,19717
40,Research & Development,16,2,1340,Male,161,Divorced,3544
34,Research & Development,9,3,1344,Male,154,Divorced,8500
40,Research & Development,2,3,1346,Male,168,Single,4661
41,Sales,1,3,1349,Female,155,Divorced,4103
35,Research & Development,4,4,1350,Male,161,Single,4249
51,Human Resources,5,3,1352,Male,176,Divorced,14026
38,Sales,2,2,1355,Female,165,Divorced,6893
34,Sales,15,2,1356,Female,169,Single,6125
25,Research & Development,19,1,1358,Male,168,Married,3669
58,Research & Development,7,4,1360,Female,173,Married,10008
40,Research & Development,1,4,1361,Male,166,Married,2387
36,Sales,7,3,1362,Female,178,Married,4639
48,Research & Development,4,3,1363,Male,153,Single,7898
27,Sales,11,3,1364,Female,157,Married,2534
51,Research & Development,11,2,1367,Female,177,Single,13142
18,Research & Development,1,3,1368,Female,161,Single,1611
35,Research & Development,1,3,1369,Female,168,Married,5363
27,Sales,2,1,1371,Male,170,Single,5071
55,Sales,13,4,1372,Male,170,Single,13695
56,Research & Development,23,3,1373,Male,155,Married,13402
34,Research & Development,26,1,1374,Female,160,Divorced,2029
40,Research & Development,2,1,1375,Female,169,Divorced,6377
34,Research & Development,29,3,1377,Male,167,Married,5429
31,Sales,2,3,1379,Female,165,Single,2785
35,Sales,18,4,1380,Female,171,Married,4614
38,Research & Development,7,3,1382,Male,164,Divorced,2610
34,Research & Development,2,4,1383,Female,166,Single,6687
28,Sales,26,3,1387,Male,169,Married,4724
31,Research & Development,22,4,1389,Male,171,Married,6179
39,Sales,21,4,1390,Male,161,Married,6120
51,Sales,2,3,1391,Male,160,Married,10596
41,Research & Development,22,3,1392,Female,169,Divorced,5467
37,Research & Development,4,1,1394,Male,166,Married,2996
33,Sales,5,1,1395,Male,164,Married,9998
32,Sales,2,1,1396,Male,166,Married,4078
39,Research & Development,25,2,1397,Male,174,Married,10920
25,Sales,18,1,1399,Male,165,Married,6232
52,Research & Development,28,2,1401,Female,154,Married,13247
43,Research & Development,6,3,1402,Female,165,Single,4081
27,Sales,10,3,1403,Female,156,Married,5769
27,Research & Development,17,4,1405,Female,164,Single,2394
26,Research & Development,2,1,1407,Male,166,Single,3904
42,Human Resources,10,3,1408,Female,164,Married,16799
52,Research & Development,8,4,1409,Female,171,Married,2950
37,Research & Development,11,3,1411,Female,173,Single,3629
35,Research & Development,18,2,1412,Male,165,Single,9362
25,Research & Development,1,3,1415,Male,154,Married,3229
26,Research & Development,7,3,1417,Male,172,Single,3578
29,Human Resources,17,3,1419,Male,173,Single,7988
49,Research & Development,28,2,1420,Male,172,Single,4284
29,Research & Development,14,1,1421,Female,152,Single,7553
54,Research & Development,1,3,1422,Female,170,Single,17328
58,Research & Development,1,3,1423,Female,163,Married,19701
55,Research & Development,1,4,1424,Male,167,Divorced,14732
36,Sales,3,4,1425,Female,169,Single,9278
31,Sales,1,4,1427,Female,166,Single,1359
30,Sales,7,4,1428,Female,154,Divorced,4779
31,Research & Development,8,5,1430,Female,173,Single,16422
34,Research & Development,1,4,1431,Male,169,Divorced,2996
31,Research & Development,8,3,1433,Female,162,Single,1261
27,Research & Development,11,1,1434,Male,174,Married,2099
36,Research & Development,4,4,1435,Male,164,Single,5810
36,Sales,16,4,1436,Female,172,Married,5647
47,Research & Development,1,3,1438,Male,163,Married,3420
25,Sales,9,2,1439,Male,165,Married,4400
37,Research & Development,5,2,1440,Male,171,Single,3500
56,Research & Development,1,2,1441,Female,152,Married,2066
47,Research & Development,2,4,1443,Female,171,Married,17169
24,Sales,4,1,1445,Female,169,Married,4162
32,Sales,7,5,1446,Male,177,Married,9204
34,Research & Development,1,3,1447,Female,169,Married,3294
41,Research & Development,5,5,1448,Male,183,Married,2127
40,Research & Development,9,4,1449,Male,163,Divorced,3975
31,Sales,8,2,1453,Male,155,Divorced,10793
46,Sales,9,3,1457,Male,171,Divorced,10096
39,Research & Development,2,3,1458,Female,165,Single,3646
31,Research & Development,1,5,1459,Female,163,Single,7446
45,Research & Development,20,3,1460,Male,166,Divorced,10851
31,Human Resources,8,2,1461,Female,173,Single,2109
31,Research & Development,2,3,1464,Male,166,Married,3722
45,Research & Development,29,3,1465,Male,161,Married,9380
48,Sales,7,3,1466,Male,172,Divorced,5486
34,Human Resources,9,4,1467,Female,176,Married,2742
40,Research & Development,8,1,1468,Male,154,Divorced,13757
28,Sales,5,3,1469,Male,166,Single,8463
44,Research & Development,5,3,1471,Male,168,Single,3162
53,Research & Development,2,3,1472,Male,166,Single,16598
49,Research & Development,5,4,1473,Male,164,Married,6651
40,Research & Development,2,3,1474,Male,159,Divorced,2345
44,Research & Development,20,3,1475,Male,165,Single,3420
33,Sales,7,3,1477,Male,167,Married,4373
34,Sales,3,3,1478,Male,164,Single,4759
30,Sales,16,1,1479,Male,164,Married,5301
42,Research & Development,9,2,1480,Female,167,Single,3673
44,Sales,1,5,1481,Female,163,Married,4768
30,Research & Development,7,3,1482,Male,161,Divorced,1274
57,Research & Development,1,2,1483,Male,163,Married,4900
49,Research & Development,7,4,1484,Male,167,Divorced,10466
34,Research & Development,15,3,1485,Male,161,Divorced,17007
28,Sales,1,3,1486,Male,157,Married,2909
29,Sales,13,3,1487,Female,168,Single,5765
34,Sales,24,4,1489,Female,158,Single,4599
35,Sales,7,1,1492,Male,174,Married,2404
24,Research & Development,9,3,1494,Male,148,Single,3172
24,Sales,13,2,1495,Female,169,Married,2033
44,Research & Development,2,1,1496,Male,170,Single,10209
29,Sales,19,3,1497,Male,160,Divorced,8620
30,Human Resources,1,3,1499,Male,170,Divorced,2064
55,Research & Development,4,4,1501,Male,176,Married,4035
33,Research & Development,4,4,1502,Female,162,Married,3838
47,Sales,14,3,1503,Female,170,Married,4591
28,Research & Development,2,2,1504,Male,169,Single,2561
28,Research & Development,1,3,1506,Male,164,Divorced,1563
28,Sales,7,3,1507,Male,168,Single,4898
49,Research & Development,3,2,1509,Female,159,Married,4789
29,Research & Development,2,1,1513,Female,174,Married,3180
28,Research & Development,29,1,1514,Male,178,Married,6549
33,Research & Development,8,5,1515,Male,171,Single,6388
32,Research & Development,10,3,1516,Male,157,Single,11244
54,Research & Development,11,4,1520,Female,160,Divorced,16032
29,Research & Development,1,4,1522,Male,170,Single,2362
44,Research & Development,28,3,1523,Male,159,Married,16328
39,Research & Development,6,3,1525,Female,176,Single,8376
46,Sales,3,3,1527,Female,163,Married,16606
35,Research & Development,16,3,1529,Female,157,Single,8606
23,Research & Development,20,1,1533,Male,173,Single,2272
40,Research & Development,9,4,1534,Male,162,Single,2018
34,Sales,1,3,1535,Male,161,Married,7083
31,Research & Development,3,3,1537,Female,167,Single,4084
50,Research & Development,22,5,1539,Male,166,Single,14411
34,Sales,7,2,1541,Male,161,Married,2308
42,Research & Development,2,3,1542,Male,154,Married,4841
37,Research & Development,13,3,1543,Male,163,Married,4285
29,Research & Development,8,1,1544,Female,157,Married,9715
33,Research & Development,25,3,1545,Male,164,Single,4320
45,Research & Development,28,3,1546,Male,165,Married,2132
42,Research & Development,2,3,1547,Male,169,Married,10124
40,Sales,9,2,1548,Male,163,Married,5473
33,Research & Development,28,4,1549,Male,175,Married,5207
40,Human Resources,6,2,1550,Male,164,Single,16437
24,Research & Development,21,2,1551,Male,160,Divorced,2296
40,Research & Development,8,2,1552,Male,155,Divorced,4069
45,Research & Development,1,4,1553,Male,166,Divorced,7441
35,Sales,28,4,1554,Female,155,Married,2430
32,Research & Development,5,2,1555,Female,173,Married,5878
36,Sales,2,4,1556,Male,179,Single,2644
48,Sales,16,4,1557,Female,169,Divorced,6439
29,Research & Development,9,3,1558,Male,180,Married,2451
33,Sales,8,4,1560,Male,153,Married,6392
30,Sales,1,3,1562,Male,161,Married,9714
38,Human Resources,10,4,1563,Male,160,Married,6077
35,Research & Development,1,3,1564,Male,152,Single,2450
30,Sales,29,4,1568,Male,184,Married,9250
35,Research & Development,2,3,1569,Female,161,Divorced,2074
53,Research & Development,2,5,1572,Female,166,Married,10169
38,Research & Development,2,3,1573,Male,161,Married,4855
32,Research & Development,1,4,1574,Male,165,Married,4087
48,Research & Development,15,4,1576,Female,177,Married,2367
34,Research & Development,7,4,1577,Male,169,Single,2972
55,Sales,26,5,1578,Male,167,Married,19586
34,Research & Development,1,4,1580,Male,179,Married,5484
26,Research & Development,3,3,1581,Female,170,Married,2061
38,Sales,14,3,1582,Male,164,Married,9924
38,Sales,16,3,1583,Female,165,Single,4198
36,Sales,1,4,1585,Female,162,Single,6815
29,Research & Development,3,1,1586,Male,158,Single,4723
35,Research & Development,10,4,1587,Female,169,Single,6142
39,Sales,6,3,1588,Male,161,Married,8237
29,Research & Development,2,1,1590,Male,167,Divorced,8853
50,Sales,9,3,1591,Male,166,Married,19331
23,Research & Development,10,3,1592,Male,154,Married,2073
36,Research & Development,6,4,1594,Male,157,Married,5562
42,Research & Development,9,2,1595,Male,162,Single,19613
35,Research & Development,28,3,1596,Male,157,Married,3407
34,Research & Development,10,4,1597,Male,172,Married,5063
40,Sales,14,2,1598,Female,168,Married,4639
43,Research & Development,27,3,1599,Male,175,Divorced,4876
35,Research & Development,7,2,1601,Male,173,Married,2690
46,Sales,1,4,1602,Male,164,Single,17567
28,Research & Development,24,3,1604,Male,166,Married,2408
22,Research & Development,26,2,1605,Female,166,Married,2814
50,Research & Development,20,5,1606,Male,161,Married,11245
32,Research & Development,5,4,1607,Female,162,Married,3312
44,Research & Development,7,3,1608,Female,163,Divorced,19049
30,Research & Development,7,3,1609,Male,178,Married,2141
45,Research & Development,5,5,1611,Female,157,Single,5769
45,Sales,26,3,1612,Male,162,Married,4385
31,Sales,2,4,1613,Male,168,Single,5332
36,Research & Development,12,4,1614,Female,170,Married,4663
34,Research & Development,10,4,1615,Male,167,Divorced,4724
49,Research & Development,25,4,1617,Female,168,Married,3211
39,Research & Development,10,5,1618,Male,167,Married,5377
27,Research & Development,19,3,1619,Male,160,Divorced,4066
35,Research & Development,18,5,1621,Male,166,Married,5208
28,Research & Development,27,3,1622,Female,169,Divorced,4877
21,Research & Development,5,1,1623,Male,167,Single,3117
18,Sales,3,2,1624,Female,165,Single,1569
47,Human Resources,26,4,1625,Female,162,Married,19658
39,Research & Development,3,2,1627,Male,167,Divorced,3069
40,Research & Development,15,3,1628,Female,172,Married,10435
35,Research & Development,8,4,1630,Female,156,Married,4148
37,Research & Development,19,3,1631,Male,171,Married,5768
39,Research & Development,4,3,1633,Female,147,Single,5042
45,Research & Development,2,2,1635,Female,168,Divorced,5770
38,Research & Development,2,2,1638,Female,165,Married,7756
35,Sales,10,3,1639,Male,172,Married,10306
37,Research & Development,10,3,1640,Female,168,Married,3936
40,Research & Development,16,3,1641,Female,155,Single,7945
44,Human Resources,1,5,1642,Male,167,Married,5743
48,Research & Development,4,5,1644,Male,158,Married,15202
35,Sales,15,2,1645,Male,166,Divorced,5440
24,Research & Development,2,1,1646,Female,160,Single,3760
27,Research & Development,8,3,1647,Female,174,Married,3517
27,Research & Development,2,3,1648,Male,166,Single,2580
40,Research & Development,7,3,1649,Male,175,Single,2166
29,Sales,10,3,1650,Male,154,Single,5869
36,Research & Development,5,4,1651,Female,169,Married,8008
25,Research & Development,2,1,1653,Male,170,Divorced,5206
39,Research & Development,12,3,1654,Male,161,Married,5295
49,Research & Development,22,4,1655,Female,164,Married,16413
50,Research & Development,17,5,1656,Female,170,Divorced,13269
20,Sales,2,3,1657,Female,149,Single,2783
34,Research & Development,3,3,1658,Female,167,Divorced,5433
36,Research & Development,7,3,1659,Male,169,Single,2013
49,Research & Development,6,1,1661,Female,155,Married,13966
36,Research & Development,1,4,1662,Female,165,Married,4374
36,Research & Development,3,2,1664,Male,175,Divorced,6842
54,Research & Development,22,5,1665,Female,175,Married,17426
43,Research & Development,15,2,1666,Male,169,Married,17603
35,Sales,12,4,1667,Male,176,Single,4581
38,Research & Development,1,3,1668,Male,163,Married,4735
29,Sales,5,3,1669,Male,158,Divorced,4187
33,Sales,2,4,1670,Male,174,Divorced,5505
32,Research & Development,2,3,1671,Male,167,Divorced,5470
31,Sales,5,4,1673,Female,156,Married,5476
49,Research & Development,16,3,1674,Female,165,Divorced,2587
38,Research & Development,2,3,1675,Female,173,Single,2440
47,Sales,2,4,1676,Female,164,Divorced,15972
49,Research & Development,1,3,1677,Male,162,Single,15379
41,Sales,23,2,1678,Male,168,Single,7082
20,Sales,9,1,1680,Male,167,Single,2728
33,Sales,16,3,1681,Female,169,Divorced,5368
36,Research & Development,26,4,1682,Male,150,Married,5347
44,Human Resources,1,3,1683,Female,161,Divorced,3195
23,Research & Development,8,1,1684,Male,178,Single,3989
38,Research & Development,4,2,1687,Female,159,Married,3306
53,Research & Development,24,4,1689,Male,163,Married,7005
48,Sales,7,2,1691,Female,165,Married,2655
32,Research & Development,2,4,1692,Male,152,Single,1393
26,Research & Development,7,3,1693,Male,164,Single,2570
55,Research & Development,22,3,1694,Male,149,Divorced,3537
34,Research & Development,5,2,1696,Male,167,Married,3986
60,Research & Development,1,4,1697,Male,155,Divorced,10883
33,Research & Development,21,3,1698,Male,175,Married,2028
37,Sales,1,4,1700,Male,153,Divorced,9525
34,Research & Development,19,3,1701,Female,164,Married,2929
23,Sales,7,3,1702,Male,161,Divorced,2275
44,Research & Development,2,3,1703,Female,150,Married,7879
35,Research & Development,2,4,1704,Male,163,Single,4930
43,Sales,2,3,1706,Male,167,Married,7847
24,Research & Development,9,3,1707,Male,157,Married,4401
41,Sales,6,3,1708,Male,162,Single,9241
29,Research & Development,9,4,1709,Female,161,Married,2974
36,Sales,2,4,1710,Female,166,Single,4502
45,Research & Development,1,1,1712,Male,160,Married,10748
24,Human Resources,22,1,1714,Male,162,Married,1555
47,Sales,9,3,1716,Male,163,Married,12936
26,Research & Development,17,4,1718,Male,157,Married,2305
45,Research & Development,28,2,1719,Female,168,Single,16704
32,Research & Development,10,3,1720,Male,157,Married,3433
31,Research & Development,2,4,1721,Male,160,Married,3477
41,Human Resources,4,3,1722,Male,169,Married,6430
40,Research & Development,8,2,1724,Female,167,Married,6516
24,Research & Development,29,1,1725,Male,162,Divorced,3907
46,Research & Development,13,4,1727,Male,165,Single,5562
35,Research & Development,27,4,1728,Male,161,Married,6883
30,Research & Development,16,1,1729,Male,159,Married,2862
47,Sales,2,4,1731,Male,158,Married,4978
46,Sales,2,3,1732,Male,163,Divorced,10368
36,Sales,13,5,1733,Male,172,Divorced,6134
32,Sales,1,2,1734,Male,170,Single,6735
23,Research & Development,4,1,1735,Female,159,Single,3295
31,Research & Development,24,1,1736,Female,163,Single,5238
39,Research & Development,1,3,1737,Male,165,Married,6472
32,Sales,19,3,1739,Male,169,Married,9610
40,Sales,7,4,1740,Male,169,Single,19833
45,Human Resources,4,3,1744,Female,165,Married,9756
30,Research & Development,2,4,1745,Female,157,Single,4968
24,Human Resources,10,3,1746,Male,166,Married,2145
30,Human Resources,8,3,1747,Female,157,Divorced,2180
31,Sales,5,3,1749,Male,173,Married,8346
27,Research & Development,8,3,1751,Female,158,Single,3445
29,Sales,9,3,1752,Female,153,Single,2760
29,Research & Development,1,3,1753,Male,161,Single,6294
30,Sales,15,2,1754,Male,162,Divorced,7140
34,Research & Development,2,4,1755,Male,165,Married,2932
33,Sales,2,3,1756,Female,159,Single,5147
49,Sales,11,4,1757,Female,170,Single,4507
33,Sales,16,3,1758,Female,175,Single,8564
38,Research & Development,2,2,1760,Female,173,Married,2468
31,Sales,16,4,1761,Male,169,Married,8161
29,Research & Development,4,3,1762,Female,175,Divorced,2109
30,Research & Development,16,3,1763,Male,152,Married,5294
32,Research & Development,5,4,1764,Male,142,Single,2718
38,Research & Development,18,3,1766,Male,164,Married,5811
43,Research & Development,17,3,1767,Male,164,Married,2437
42,Research & Development,12,3,1768,Male,169,Divorced,2766
55,Research & Development,2,3,1770,Male,162,Married,19038
33,Research & Development,4,3,1771,Male,153,Divorced,3055
41,Research & Development,9,4,1772,Male,155,Divorced,2289
34,Sales,10,3,1774,Male,165,Divorced,4001
53,Research & Development,1,4,1775,Female,178,Married,12965
43,Human Resources,2,3,1778,Male,159,Single,3539
34,Sales,3,2,1779,Female,179,Single,6029
21,Sales,7,1,1780,Male,172,Single,2679
38,Research & Development,6,2,1782,Female,163,Married,3702
22,Research & Development,8,1,1783,Female,169,Married,2398
31,Sales,29,4,1784,Female,166,Married,5468
51,Research & Development,3,3,1786,Female,163,Married,13116
37,Sales,9,2,1787,Male,170,Married,4189
46,Research & Development,2,4,1789,Male,168,Divorced,19328
36,Research & Development,10,3,1790,Male,160,Married,8321
44,Research & Development,1,2,1792,Male,171,Divorced,2342
37,Human Resources,8,2,1794,Male,168,Divorced,4071
35,Sales,27,3,1797,Male,159,Single,5813
33,Research & Development,8,4,1798,Male,168,Married,3143
28,Research & Development,1,3,1799,Male,180,Married,2044
39,Research & Development,10,1,1800,Male,173,Single,13464
46,Sales,26,2,1801,Male,168,Single,7991
40,Research & Development,2,2,1802,Female,170,Married,3377
42,Research & Development,13,3,1803,Male,168,Married,5538
35,Research & Development,2,2,1804,Male,169,Divorced,5762
38,Human Resources,2,3,1805,Male,168,Divorced,2592
34,Research & Development,9,4,1807,Male,172,Married,5346
37,Research & Development,10,4,1809,Male,161,Single,4213
39,Sales,20,3,1812,Male,176,Divorced,4127
43,Research & Development,9,3,1813,Male,161,Single,2438
41,Research & Development,5,3,1814,Male,185,Single,6870
41,Sales,4,1,1815,Female,156,Divorced,10447
30,Research & Development,10,3,1816,Female,177,Single,9667
26,Human Resources,20,2,1818,Female,163,Married,2148
46,Research & Development,21,2,1821,Female,159,Married,8926
40,Research & Development,1,3,1822,Female,158,Divorced,6513
34,Sales,8,2,1823,Male,174,Married,6799
58,Sales,2,3,1824,Male,150,Divorced,16291
35,Research & Development,23,4,1826,Male,162,Married,2705
47,Research & Development,4,3,1827,Female,160,Divorced,10333
40,Research & Development,12,3,1829,Female,160,Divorced,4448
54,Research & Development,7,4,1830,Female,161,Married,6854
31,Sales,7,4,1833,Female,152,Married,9637
28,Research & Development,1,3,1834,Female,165,Married,3591
38,Sales,2,4,1835,Female,172,Married,5405
26,Sales,10,3,1836,Male,158,Single,4684
58,Research & Development,15,4,1837,Male,172,Married,15787
18,Research & Development,14,3,1839,Female,160,Single,1514
31,Human Resources,18,5,1842,Male,174,Married,2956
29,Human Resources,13,3,1844,Male,156,Divorced,2335
45,Sales,2,4,1845,Female,165,Married,5154
36,Research & Development,2,4,1847,Female,168,Married,6962
43,Sales,2,4,1849,Male,161,Married,5675
27,Research & Development,5,2,1850,Female,173,Single,2379
29,Research & Development,20,1,1852,Male,150,Married,3812
32,Sales,10,4,1853,Male,178,Single,4648
42,Research & Development,10,4,1854,Male,167,Married,2936
47,Research & Development,9,4,1856,Female,154,Single,2105
46,Research & Development,2,2,1857,Male,162,Divorced,8578
28,Human Resources,1,2,1858,Male,154,Divorced,2706
29,Research & Development,29,1,1859,Male,159,Divorced,6384
42,Research & Development,8,3,1860,Male,171,Single,3968
32,Sales,2,4,1862,Male,160,Single,9907
46,Sales,3,3,1863,Female,162,Divorced,13225
27,Sales,23,1,1864,Female,166,Married,3540
29,Human Resources,6,1,1865,Male,157,Married,2804
43,Research & Development,6,3,1866,Female,168,Married,19392
48,Research & Development,10,3,1867,Male,175,Married,19665
29,Research & Development,24,2,1868,Male,160,Single,2439
46,Sales,10,3,1869,Female,158,Married,7314
27,Research & Development,15,3,1870,Female,163,Married,4774
39,Research & Development,19,4,1871,Male,165,Divorced,3902
55,Research & Development,2,4,1873,Male,160,Married,2662
28,Sales,3,3,1875,Female,172,Married,2856
30,Sales,9,3,1876,Male,168,Single,1081
22,Research & Development,7,1,1878,Male,170,Single,2472
36,Sales,10,4,1880,Female,166,Married,5673
31,Research & Development,20,3,1881,Male,150,Divorced,4197
34,Sales,4,3,1882,Male,163,Married,9713
29,Research & Development,7,3,1883,Male,160,Single,2062
37,Research & Development,7,4,1885,Male,162,Married,4284
35,Research & Development,16,2,1886,Female,156,Married,4788
45,Research & Development,25,2,1888,Female,155,Married,5906
36,Human Resources,2,1,1890,Male,160,Single,3886
40,Research & Development,1,4,1892,Male,169,Divorced,16823
26,Research & Development,1,2,1893,Female,158,Married,2933
27,Sales,2,2,1898,Female,169,Single,6500
48,Research & Development,22,3,1900,Female,176,Divorced,17174
44,Research & Development,1,4,1903,Male,160,Married,5033
34,Research & Development,16,4,1905,Male,164,Married,2307
56,Research & Development,24,2,1907,Male,163,Single,2587
36,Sales,17,2,1908,Male,163,Married,5507
41,Sales,8,3,1909,Female,164,Married,4393
42,Research & Development,6,3,1911,Male,160,Married,13348
31,Sales,10,2,1912,Female,161,Divorced,6583
34,Sales,3,1,1915,Female,159,Married,8103
31,Research & Development,4,3,1916,Female,172,Divorced,3978
26,Research & Development,6,3,1918,Male,174,Married,2544
45,Research & Development,1,4,1922,Male,171,Single,5399
33,Sales,10,4,1924,Male,156,Single,5487
28,Sales,1,2,1927,Male,162,Married,6834
29,Sales,24,3,1928,Male,164,Single,1091
39,Sales,21,4,1929,Female,172,Married,5736
27,Research & Development,2,4,1931,Male,154,Married,2226
34,Research & Development,22,4,1932,Male,164,Married,5747
28,Sales,13,2,1933,Female,173,Single,9854
47,Research & Development,14,4,1934,Male,173,Married,5467
56,Sales,11,5,1935,Female,163,Married,5380
39,Research & Development,9,2,1936,Male,159,Married,5151
38,Research & Development,8,3,1937,Female,159,Divorced,2133
58,Sales,21,3,1938,Female,154,Married,17875
32,Research & Development,5,2,1939,Female,169,Single,2432
38,Research & Development,9,2,1940,Male,156,Divorced,4771
49,Research & Development,2,1,1941,Male,178,Married,19161
42,Sales,12,4,1943,Male,162,Divorced,5087
27,Human Resources,22,3,1944,Female,163,Married,2863
35,Sales,18,4,1945,Male,162,Married,5561
28,Research & Development,16,3,1947,Male,164,Single,2144
31,Research & Development,3,2,1948,Male,163,Divorced,3065
36,Research & Development,9,4,1949,Male,167,Married,2810
34,Sales,1,3,1950,Male,163,Single,9888
34,Sales,13,4,1951,Male,155,Divorced,8628
26,Research & Development,1,3,1952,Male,160,Single,2867
29,Research & Development,1,3,1954,Male,151,Married,5373
32,Research & Development,15,4,1955,Female,168,Divorced,6667
31,Research & Development,1,3,1956,Male,168,Married,5003
28,Research & Development,17,3,1960,Male,158,Divorced,2367
38,Sales,1,3,1961,Male,162,Single,2858
35,Sales,7,4,1962,Female,169,Married,5204
27,Sales,9,3,1965,Male,160,Single,4105
32,Research & Development,5,4,1966,Male,167,Single,9679
31,Sales,26,4,1967,Male,174,Married,5617
53,Sales,24,4,1968,Male,161,Single,10448
54,Research & Development,9,2,1969,Female,162,Married,2897
33,Research & Development,7,2,1970,Male,169,Divorced,5968
43,Research & Development,11,3,1971,Male,161,Married,7510
38,Human Resources,1,4,1972,Male,158,Married,2991
55,Human Resources,26,4,1973,Male,154,Married,19636
31,Research & Development,2,1,1974,Female,168,Divorced,1129
39,Sales,15,4,1975,Male,171,Single,13341
42,Research & Development,23,2,1976,Male,154,Single,4332
31,Research & Development,10,3,1979,Female,158,Married,11031
54,Research & Development,10,3,1980,Female,176,Single,4440
24,Research & Development,1,2,1981,Male,173,Single,4617
23,Research & Development,12,2,1982,Male,164,Single,2647
40,Research & Development,11,3,1985,Female,170,Married,6323
40,Sales,2,2,1986,Female,170,Married,5677
25,Human Resources,2,3,1987,Female,156,Married,2187
30,Research & Development,1,2,1989,Male,170,Married,3748
25,Research & Development,2,1,1992,Male,175,Divorced,3977
47,Research & Development,25,3,1993,Male,158,Single,8633
33,Research & Development,1,2,1994,Male,166,Divorced,2008
38,Sales,1,4,1995,Male,163,Married,4440
31,Sales,2,2,1996,Male,168,Married,3067
38,Research & Development,6,4,1997,Male,167,Married,5321
42,Research & Development,18,4,1998,Male,167,Divorced,5410
41,Research & Development,1,3,1999,Male,164,Married,2782
47,Research & Development,1,1,2000,Female,160,Married,11957
35,Research & Development,11,4,2003,Male,154,Married,2660
22,Research & Development,1,2,2007,Male,167,Single,3375
35,Research & Development,9,4,2008,Male,167,Single,5098
33,Research & Development,15,2,2009,Female,162,Married,4878
32,Research & Development,29,4,2010,Female,165,Single,2837
40,Research & Development,1,4,2012,Male,165,Married,2406
32,Sales,1,4,2013,Male,168,Married,2269
39,Research & Development,24,1,2014,Male,167,Single,4108
38,Research & Development,10,3,2015,Female,153,Married,13206
32,Sales,1,4,2016,Female,171,Married,10422
37,Research & Development,10,3,2017,Female,166,Married,13744
25,Sales,8,2,2018,Female,170,Divorced,4907
52,Sales,29,4,2019,Male,161,Divorced,3482
44,Research & Development,1,3,2020,Male,171,Single,2436
21,Sales,5,1,2021,Male,160,Single,2380
39,Research & Development,9,3,2022,Male,159,Single,19431
23,Sales,9,3,2023,Male,161,Married,1790
36,Sales,3,3,2024,Female,165,Married,7644
36,Research & Development,4,2,2025,Female,173,Divorced,5131
56,Research & Development,1,4,2026,Male,172,Divorced,6306
29,Research & Development,1,4,2027,Male,158,Married,4787
42,Research & Development,2,3,2031,Male,151,Married,18880
56,Research & Development,7,2,2032,Male,163,Married,2339
41,Research & Development,28,4,2034,Female,176,Married,13570
34,Sales,28,3,2035,Female,156,Married,6712
36,Sales,15,4,2036,Male,146,Divorced,5406
41,Sales,3,3,2037,Male,170,Divorced,8938
32,Research & Development,2,3,2038,Male,153,Single,2439
35,Human Resources,26,4,2040,Female,161,Single,8837
38,Sales,10,2,2041,Female,165,Married,5343
50,Sales,1,4,2044,Male,180,Divorced,6728
36,Sales,11,4,2045,Female,163,Married,6652
45,Sales,20,3,2046,Female,161,Single,4850
40,Research & Development,2,4,2048,Male,163,Single,2809
35,Research & Development,18,4,2049,Male,161,Married,5689
40,Research & Development,2,4,2051,Female,164,Married,2001
35,Research & Development,1,4,2052,Female,169,Married,2977
29,Research & Development,13,2,2053,Male,170,Married,4025
29,Research & Development,28,4,2054,Female,159,Single,3785
50,Sales,28,3,2055,Male,161,Divorced,10854
39,Sales,24,1,2056,Female,170,Married,12031
31,Research & Development,5,3,2057,Male,160,Single,9936
26,Sales,5,3,2060,Female,170,Single,2966
36,Research & Development,23,2,2061,Male,164,Married,2571
39,Research & Development,6,1,2062,Male,169,Married,9991
27,Research & Development,4,3,2064,Male,167,Married,6142
49,Sales,2,3,2065,Male,166,Married,5390
34,Research & Development,8,3,2068,Male,176,Married,4404
